{
    "page_name": "WINSOU",
    "reports": {
        "current_page": 1,
        "data": [
            {
                "id": 87,
                "user_id": 1,
                "team_id": 27,
                "page_id": 47,
                "platform": "facebook",
                "report_data": {
                    "kpi": {
                        "reach": 2495468,
                        "views": 3527606,
                        "shares": 1496,
                        "comments": 417,
                        "reactions": 26368,
                        "link_clicks": 3659,
                        "engagement_rate": 1.13
                    },
                    "posts": [
                        {
                            "date": "2025-11-28",
                            "link": "https:\/\/www.facebook.com\/WinSouCambodia\/posts\/pfbid02PVSW1sGZ5op4P47KGNzYbP3P42ESQKEc3qTd8nGDfhFFvgEa3yJEbcWwTYVPmEV4l",
                            "type": "Photos",
                            "reach": 7127,
                            "title": "\u1785\u17c6\u178e\u17b6\u1799\u178f\u17b7\u1785\u178f\u17c2\u1794\u17b6\u1793\u1785\u17d2\u179a\u17be\u1793\u17d7 \ud83d\ude0d\ud83e\udef6\n-\u2014\u2014\u2014\u2014\u2014\u2014\u2014\u2014-\n\u179f\u1798\u17d2\u179a\u17b6\u1794\u17cb\u1780\u17b6\u179a\u1780\u1798\u17c9\u17d2...",
                            "views": 11186,
                            "shares": 4,
                            "comments": 4,
                            "reactions": 43,
                            "link_clicks": 71,
                            "engagement_rate": 0.72,
                            "total_engagement": 51
                        },
                        {
                            "date": "2025-11-28",
                            "link": "https:\/\/www.facebook.com\/reel\/850535610708894\/",
                            "type": "Videos",
                            "reach": 8242,
                            "title": "\u179f\u1798\u17d2\u179a\u17b6\u1794\u17cb\u1794\u1784\u1794\u17d2\u17a2\u17bc\u1793\u178a\u17c2\u179b\u1798\u17b6\u1793\u178f\u1798\u17d2\u179a\u17bc\u179c\u1780\u17b6\u179a\u1794\u17d2\u179a\u17a2\u1794\u17cb\u1794\u17b6\u1799 \u1780\u17bb\u17c6\u1797\u17d2\u179b\u17c1\u1785\u17a2\u1789\u17d2...",
                            "views": 10467,
                            "shares": 9,
                            "comments": 4,
                            "reactions": 131,
                            "link_clicks": 39,
                            "engagement_rate": 1.75,
                            "total_engagement": 144
                        },
                        {
                            "date": "2025-11-26",
                            "link": "https:\/\/www.facebook.com\/reel\/838196955468918\/",
                            "type": "Videos",
                            "reach": 486747,
                            "title": "\u1780\u17d2\u179a\u17b6\u179f\u17cb \u1792\u1793\u17cb \u179a\u17b9\u1784\u1798\u17b6\u17c6 \u1787\u17b6\u1798\u17bd\u1799\u1793\u17b9\u1784\u1787\u1798\u17d2\u179a\u17be\u179f\u178f\u17bc\u1785\u1792\u17c6 \u1787\u17b6\u1785\u17d2\u179a\u17be\u1793\u1798\u17c9\u17bc\u178a...",
                            "views": 583855,
                            "shares": 323,
                            "comments": 105,
                            "reactions": 6229,
                            "link_clicks": 281,
                            "engagement_rate": 1.37,
                            "total_engagement": 6657
                        },
                        {
                            "date": "2025-11-25",
                            "link": "https:\/\/www.facebook.com\/WinSouCambodia\/posts\/pfbid02TqH8mDgquGMPDCuirZVPTR4dLS4mtMA7DhzYEqzew9XubB3nEFdCfGnkmUBP8TPql",
                            "type": "Photos",
                            "reach": 6349,
                            "title": "\u179c\u17b8\u1793\u179f\u17bc \u1787\u17b6\u1787\u1798\u17d2\u179a\u17be\u179f\u178a\u17cf\u179b\u17d2\u17a2\u179f\u1798\u17d2\u179a\u17b6\u1794\u17cb\u1796\u17bb\u1780\u1798\u17c9\u17c2\u1794\u1784\u1794\u17d2\u17a2\u17bc\u1793\u178a\u17c2\u179b\u1780\u17c6\u1796\u17bb\u1784\u1798\u17b6\u1793...",
                            "views": 10692,
                            "shares": 3,
                            "comments": 1,
                            "reactions": 24,
                            "link_clicks": 51,
                            "engagement_rate": 0.44,
                            "total_engagement": 28
                        },
                        {
                            "date": "2025-11-24",
                            "link": "https:\/\/www.facebook.com\/reel\/1187247016650007\/",
                            "type": "Videos",
                            "reach": 677669,
                            "title": "\u1795\u17d2\u179f\u17b6\u179a\u179c\u17b8\u1793\u179f\u17bc \u179f\u17b6\u1781\u17b6\u1780\u17d2\u179a\u17bb\u1784\u178f\u17b6\u1781\u17d2\u1798\u17c5\ud83e\udd70\u2764\ufe0f\n\u179f\u1798\u17d2\u179a\u17b6\u1794\u17cb\u1794\u1784\u1794\u17d2\u17a2\u17bc\u1793\u179a\u179f\u17cb\u1793\u17c5...",
                            "views": 1076159,
                            "shares": 696,
                            "comments": 81,
                            "reactions": 9039,
                            "link_clicks": 321,
                            "engagement_rate": 1.45,
                            "total_engagement": 9816
                        },
                        {
                            "date": "2025-11-23",
                            "link": "https:\/\/www.facebook.com\/WinSouCambodia\/posts\/pfbid02LZ5Aqht8pm6QHmg8LfbayYMwW7HMrmnU6kUr8qXyAmQqAJQaM1GMJbYgdbLwi8QYl",
                            "type": "Photos",
                            "reach": 11141,
                            "title": "\u179f\u1798\u17d2\u1797\u17b6\u179a\u17c8\u1794\u17d2\u179a\u17be\u1794\u17d2\u179a\u17b6\u179f\u17cb\u1780\u17d2\u1793\u17bb\u1784\u1795\u17d2\u1791\u17c7\u1793\u17b9\u1784\u178f\u17bb\u1794\u178f\u17c2\u1784\u1795\u17d2\u1791\u17c7\u1787\u17b6\u1785\u17d2\u179a\u17be\u1793\u1794\u17d2\u179a\u1797...",
                            "views": 22001,
                            "shares": 15,
                            "comments": 12,
                            "reactions": 106,
                            "link_clicks": 71,
                            "engagement_rate": 1.19,
                            "total_engagement": 133
                        },
                        {
                            "date": "2025-11-21",
                            "link": "https:\/\/www.facebook.com\/WinSouCambodia\/posts\/pfbid0aPzAgwbMdZPbmV7MdnzX4zGuP3qUJDCYo26u1K1qfaPcqa9ohAhuFSx6jCpLeZBWl",
                            "type": "Photos",
                            "reach": 7052,
                            "title": "\u1796\u17bb\u1780\u1798\u17c9\u17c2\u1794\u1784\u1794\u17d2\u17a2\u17bc\u1793\u1785\u17c6\u178e\u17b6\u1799\u178f\u17b7\u1785\u1785\u17c6\u178e\u17c1\u1789\u1785\u17d2\u179a\u17be\u1793\u1796\u17b8\u1795\u17d2\u179f\u17b6\u179a\u179c\u17b8\u1793\u179f\u17bc\ud83e\udd70 \u1791\u1791\u17bd\u179b...",
                            "views": 12713,
                            "shares": 4,
                            "comments": 2,
                            "reactions": 25,
                            "link_clicks": 45,
                            "engagement_rate": 0.44,
                            "total_engagement": 31
                        },
                        {
                            "date": "2025-11-20",
                            "link": "https:\/\/www.facebook.com\/reel\/25202891496010271\/",
                            "type": "Videos",
                            "reach": 382353,
                            "title": "\u179f\u1798\u17d2\u179a\u17b6\u1794\u17cb\u1796\u17bb\u1780\u1798\u17c9\u17c2\u1794\u1784\u1794\u17d2\u17a2\u17bc\u1793\u178a\u17c2\u179b\u1798\u17b6\u1793\u178f\u1798\u17d2\u179a\u17bc\u179c\u1780\u17b6\u179a\u1796\u17d2\u179a\u17b8\u1797\u17d2\u179b\u17be\u1784\u1799\u1780\u1791\u17c5\u1794\u17d2...",
                            "views": 470864,
                            "shares": 79,
                            "comments": 14,
                            "reactions": 2692,
                            "link_clicks": 1678,
                            "engagement_rate": 0.73,
                            "total_engagement": 2785
                        },
                        {
                            "date": "2025-11-19",
                            "link": "https:\/\/www.facebook.com\/WinSouCambodia\/posts\/pfbid02f4cDovvihRQsGXeb3hjPhGLmNLRGZaYQBhy6vf7FB5DQWMXyhPXETpZDYMcPTWdsl",
                            "type": "Photos",
                            "reach": 8701,
                            "title": "\u17a7\u1794\u1780\u179a\u178e\u17cd\u179b\u17c1\u1784\u179f\u1798\u17d2\u179a\u17b6\u1794\u17cb\u1780\u17bb\u1798\u17b6\u179a Cute Cute \u1798\u17b6\u1793\u179b\u1780\u17cb\u1793\u17c5\u1782\u17d2\u179a\u1794\u17cb\u179f\u17b6\u1781\u17b6\u179c...",
                            "views": 16778,
                            "shares": 8,
                            "comments": 1,
                            "reactions": 71,
                            "link_clicks": 47,
                            "engagement_rate": 0.92,
                            "total_engagement": 80
                        },
                        {
                            "date": "2025-11-18",
                            "link": "https:\/\/www.facebook.com\/reel\/24962558870103505\/",
                            "type": "Videos",
                            "reach": 351430,
                            "title": "\ud83d\udc49 \u179f\u1798\u17d2\u179a\u17b6\u1794\u17cb\u1794\u1784\u1794\u17d2\u17a2\u17bc\u1793\u179a\u179f\u17cb\u1793\u17c5\u1798\u17d2\u178f\u17bb\u17c6 \u1795\u17d2\u179b\u17bc\u179c2004 \u1795\u17d2\u179f\u17b6\u179a\u200b\u1791\u17c6\u1793\u17be\u1794...",
                            "views": 538229,
                            "shares": 151,
                            "comments": 20,
                            "reactions": 3119,
                            "link_clicks": 241,
                            "engagement_rate": 0.94,
                            "total_engagement": 3290
                        },
                        {
                            "date": "2025-11-17",
                            "link": "https:\/\/www.facebook.com\/WinSouCambodia\/posts\/pfbid0uoHd7EP7YvhrPaiJi2B1vizo19f5De3rbMZarWzLk9MfKPq6dNGWAXzrCiJwHYwul",
                            "type": "Photos",
                            "reach": 6784,
                            "title": "\u1794\u1784\u1794\u17d2\u17a2\u17bc\u1793\u17a2\u17b6\u1785\u1792\u17d2\u179c\u17be\u1780\u17b6\u179a\u1780\u1798\u17d2\u1798\u17c9\u1784\u17cb\u1791\u17c6\u1793\u17b7\u1789\u179a\u17b6\u1794\u17cb\u1798\u17c9\u17ba\u1793\u1798\u17bb\u1781\u1796\u17b8\u1795\u17d2\u179f\u17b6\u179a\u179c\u17b8\u1793...",
                            "views": 11090,
                            "shares": 2,
                            "comments": 58,
                            "reactions": 17,
                            "link_clicks": 114,
                            "engagement_rate": 1.14,
                            "total_engagement": 77
                        },
                        {
                            "date": "2025-11-16",
                            "link": "https:\/\/www.facebook.com\/WinSouCambodia\/posts\/pfbid0TvjuNaKjkbihfY8tXEKKuytcx14bb99uFYrRfbjM8y23BxWMiSL93Ny8QLkDyLghl",
                            "type": "Photos",
                            "reach": 8810,
                            "title": "\ud83d\udccd\u179f\u17b6\u1781\u17b6\u1785\u17d2\u1794\u17b6\u179a\u17a2\u17c6\u1796\u17c5\n\u17b1\u1780\u17b6\u179f\u1780\u17b6\u179a\u1784\u17b6\u179a\u1796\u17b8\u1795\u17d2\u179f\u17b6\u179a\u179c\u17b8\u1793\u179f\u17bc! \ud83d\udce3\ud83e\udef6\n-----...",
                            "views": 15090,
                            "shares": 18,
                            "comments": 4,
                            "reactions": 58,
                            "link_clicks": 124,
                            "engagement_rate": 0.91,
                            "total_engagement": 80
                        },
                        {
                            "date": "2025-11-16",
                            "link": "https:\/\/www.facebook.com\/reel\/590232787515018\/",
                            "type": "Videos",
                            "reach": 10178,
                            "title": "\u178f\u17d2\u179a\u17bc\u179c\u1798\u17c9\u17b6\u1785\u17cb\u178f\u17c2\u1798\u17d2\u178f\u1784\u179f\u1798\u17d2\u179a\u17b6\u1794\u17cb\u1794\u1784\u1794\u17d2\u17a2\u17bc\u1793\u178a\u17c2\u179b\u1780\u17c6\u1796\u17bb\u1784\u1798\u17b6\u1793\u178f\u1798\u17d2\u179a\u17bc\u179c\u1780\u17b6\u179a...",
                            "views": 13102,
                            "shares": 15,
                            "comments": 37,
                            "reactions": 286,
                            "link_clicks": 44,
                            "engagement_rate": 3.32,
                            "total_engagement": 338
                        },
                        {
                            "date": "2025-11-15",
                            "link": "https:\/\/www.facebook.com\/WinSouCambodia\/posts\/pfbid02zRBM6PVDFNEw11A4pbn3GDZ3nxKuoJCcsupdpcoGaPRkc8PHyqon4uXq9Z9HwVnwl",
                            "type": "Photos",
                            "reach": 8512,
                            "title": "\u179f\u1798\u17d2\u1797\u17b6\u179a\u17c8\u179f\u17b7\u1780\u17d2\u179f\u17b6\u1782\u17d2\u179a\u1794\u17cb\u1794\u17d2\u179a\u1797\u17c1\u1791 \ud83d\udcd9\u270f\ufe0f\u1794\u1784\u1794\u17d2\u17a2\u17bc\u1793\u17a2\u17b6\u1785\u179a\u1780\u1787\u17b6\u179c\u1794\u17b6\u1793\u1793\u17c5\u179c...",
                            "views": 16642,
                            "shares": 3,
                            "comments": 5,
                            "reactions": 60,
                            "link_clicks": 61,
                            "engagement_rate": 0.8,
                            "total_engagement": 68
                        },
                        {
                            "date": "2025-11-14",
                            "link": "https:\/\/www.facebook.com\/reel\/834353356125849\/",
                            "type": "Videos",
                            "reach": 34693,
                            "title": "\ud83d\udc49\u179f\u1798\u17d2\u179a\u17b6\u1794\u17cb\u1796\u17bb\u1780\u1798\u17c9\u17c2\u1794\u1784\u1794\u17d2\u17a2\u17bc\u1793\u178a\u17c2\u179b\u1798\u17b6\u1793\u178f\u1798\u17d2\u179a\u17bc\u179c\u1780\u17b6\u200b\u179f\u1798\u17d2\u1797\u17b6\u179a\u17c8\u178f\u17bb\u1794\u178f\u17c2\u1784...",
                            "views": 41321,
                            "shares": 67,
                            "comments": 20,
                            "reactions": 943,
                            "link_clicks": 43,
                            "engagement_rate": 2.97,
                            "total_engagement": 1030
                        },
                        {
                            "date": "2025-11-13",
                            "link": "https:\/\/www.facebook.com\/WinSouCambodia\/posts\/pfbid0gh5NqhK31RjMPHpxDCLuqZrShdiTgWD3hnHderGYmB8mk3iaZbs3peKjYPRS8hLBl",
                            "type": "Photos",
                            "reach": 9207,
                            "title": "\u179f\u1798\u17d2\u179a\u17b6\u1794\u17cb\u1796\u17bb\u1780\u1798\u17c9\u17c2\u1794\u1784\u1794\u17d2\u17a2\u17bc\u1793\u178a\u17c2\u179b\u1798\u17b6\u1793\u178f\u1798\u17d2\u179a\u17bc\u179c\u1780\u17b6\u179a \u179f\u1798\u17d2\u1797\u17b6\u179a\u17c8\u1787\u17b6\u1784\ud83e\ude9b\ud83d\udd27...",
                            "views": 17841,
                            "shares": 13,
                            "comments": 7,
                            "reactions": 84,
                            "link_clicks": 59,
                            "engagement_rate": 1.13,
                            "total_engagement": 104
                        },
                        {
                            "date": "2025-11-12",
                            "link": "https:\/\/www.facebook.com\/reel\/1190621099666504\/",
                            "type": "Videos",
                            "reach": 453977,
                            "title": "\u1785\u17c6\u178e\u17b6\u1799\u178f\u17d2\u179a\u17b9\u1798\u178f\u17c2\u200b 10$ \u1780\u17cf\u17a2\u17b6\u1785\u1791\u17b7\u1789\u1794\u17b6\u1793\u179f\u1798\u17d2\u1797\u17b6\u179a\u17c8\u1787\u17b6\u1785\u17d2\u179a\u17be\u1793\u1798\u17bb\u1781\u1796\u17b8\u1795\u17d2...",
                            "views": 635123,
                            "shares": 68,
                            "comments": 33,
                            "reactions": 3372,
                            "link_clicks": 369,
                            "engagement_rate": 0.77,
                            "total_engagement": 3473
                        },
                        {
                            "date": "2025-11-08",
                            "link": "https:\/\/www.facebook.com\/WinSouCambodia\/posts\/pfbid02Bf4AXLQ87v3N38Q3DMkgf4sSoohwaRxjV9rQP7fK6moabghsNcfzHkKdEuEYQ97Kl",
                            "type": "Photos",
                            "reach": 8049,
                            "title": "\u17a2\u1794\u17a2\u179a\u179f\u17b6\u1791\u179a \u1781\u17bd\u1794\u17a2\u1793\u17bb\u179f\u17d2\u179f\u17b6\u179c\u179a\u17b8\u1799\u17cd\u179b\u17be\u1780\u1791\u17b8 \u17e7\u17e2 \u1793\u17c3\u1791\u17b7\u179c\u17b6\u1794\u17bb\u178e\u17d2\u1799\u17af\u1780\u179a\u17b6\u1787\u17d2...",
                            "views": 11949,
                            "shares": 7,
                            "comments": 1,
                            "reactions": 37,
                            "link_clicks": 0,
                            "engagement_rate": 0.56,
                            "total_engagement": 45
                        },
                        {
                            "date": "2025-11-03",
                            "link": "https:\/\/www.facebook.com\/WinSouCambodia\/posts\/pfbid02pofJSXve5qzSJ7h2pTt8PrExXdjXp3LNyx2ZGeCypHZzh6U1NASjZk5VP7Z9prTcl",
                            "type": "Photos",
                            "reach": 8447,
                            "title": "\u17a2\u1794\u17a2\u179a\u179f\u17b6\u1791\u179a\u1796\u17d2\u179a\u17c7\u179a\u17b6\u1787\u1796\u17b7\u1792\u17b8\u1794\u17bb\u178e\u17d2\u1799\u17a2\u17bb\u17c6\u1791\u17bc\u1780 \u1794\u178e\u17d2\u178a\u17c2\u178f\u200b\u1794\u17d2\u179a\u1791\u17b8\u1794 \u1793\u17b7\u1784\u200b\u179f...",
                            "views": 12504,
                            "shares": 11,
                            "comments": 8,
                            "reactions": 32,
                            "link_clicks": 0,
                            "engagement_rate": 0.6,
                            "total_engagement": 51
                        }
                    ],
                    "period": {
                        "end": "2025-11-28",
                        "start": "2025-11-03",
                        "duration": "26 Days Active"
                    },
                    "breakdown": {
                        "reels": 0,
                        "photos": 11,
                        "videos": 8
                    },
                    "champions": {
                        "highest_view": {
                            "date": "2025-11-24",
                            "link": "https:\/\/www.facebook.com\/reel\/1187247016650007\/",
                            "type": "Videos",
                            "reach": 677669,
                            "title": "\u1795\u17d2\u179f\u17b6\u179a\u179c\u17b8\u1793\u179f\u17bc \u179f\u17b6\u1781\u17b6\u1780\u17d2\u179a\u17bb\u1784\u178f\u17b6\u1781\u17d2\u1798\u17c5\ud83e\udd70\u2764\ufe0f\n\u179f\u1798\u17d2\u179a\u17b6\u1794\u17cb\u1794\u1784\u1794\u17d2\u17a2\u17bc\u1793\u179a\u179f\u17cb\u1793\u17c5...",
                            "views": 1076159,
                            "shares": 696,
                            "comments": 81,
                            "reactions": 9039,
                            "link_clicks": 321,
                            "engagement_rate": 1.45,
                            "total_engagement": 9816
                        },
                        "highest_reach": {
                            "date": "2025-11-24",
                            "link": "https:\/\/www.facebook.com\/reel\/1187247016650007\/",
                            "type": "Videos",
                            "reach": 677669,
                            "title": "\u1795\u17d2\u179f\u17b6\u179a\u179c\u17b8\u1793\u179f\u17bc \u179f\u17b6\u1781\u17b6\u1780\u17d2\u179a\u17bb\u1784\u178f\u17b6\u1781\u17d2\u1798\u17c5\ud83e\udd70\u2764\ufe0f\n\u179f\u1798\u17d2\u179a\u17b6\u1794\u17cb\u1794\u1784\u1794\u17d2\u17a2\u17bc\u1793\u179a\u179f\u17cb\u1793\u17c5...",
                            "views": 1076159,
                            "shares": 696,
                            "comments": 81,
                            "reactions": 9039,
                            "link_clicks": 321,
                            "engagement_rate": 1.45,
                            "total_engagement": 9816
                        },
                        "highest_clicks": {
                            "date": "2025-11-20",
                            "link": "https:\/\/www.facebook.com\/reel\/25202891496010271\/",
                            "type": "Videos",
                            "reach": 382353,
                            "title": "\u179f\u1798\u17d2\u179a\u17b6\u1794\u17cb\u1796\u17bb\u1780\u1798\u17c9\u17c2\u1794\u1784\u1794\u17d2\u17a2\u17bc\u1793\u178a\u17c2\u179b\u1798\u17b6\u1793\u178f\u1798\u17d2\u179a\u17bc\u179c\u1780\u17b6\u179a\u1796\u17d2\u179a\u17b8\u1797\u17d2\u179b\u17be\u1784\u1799\u1780\u1791\u17c5\u1794\u17d2...",
                            "views": 470864,
                            "shares": 79,
                            "comments": 14,
                            "reactions": 2692,
                            "link_clicks": 1678,
                            "engagement_rate": 0.73,
                            "total_engagement": 2785
                        },
                        "highest_shares": {
                            "date": "2025-11-24",
                            "link": "https:\/\/www.facebook.com\/reel\/1187247016650007\/",
                            "type": "Videos",
                            "reach": 677669,
                            "title": "\u1795\u17d2\u179f\u17b6\u179a\u179c\u17b8\u1793\u179f\u17bc \u179f\u17b6\u1781\u17b6\u1780\u17d2\u179a\u17bb\u1784\u178f\u17b6\u1781\u17d2\u1798\u17c5\ud83e\udd70\u2764\ufe0f\n\u179f\u1798\u17d2\u179a\u17b6\u1794\u17cb\u1794\u1784\u1794\u17d2\u17a2\u17bc\u1793\u179a\u179f\u17cb\u1793\u17c5...",
                            "views": 1076159,
                            "shares": 696,
                            "comments": 81,
                            "reactions": 9039,
                            "link_clicks": 321,
                            "engagement_rate": 1.45,
                            "total_engagement": 9816
                        },
                        "highest_comments": {
                            "date": "2025-11-26",
                            "link": "https:\/\/www.facebook.com\/reel\/838196955468918\/",
                            "type": "Videos",
                            "reach": 486747,
                            "title": "\u1780\u17d2\u179a\u17b6\u179f\u17cb \u1792\u1793\u17cb \u179a\u17b9\u1784\u1798\u17b6\u17c6 \u1787\u17b6\u1798\u17bd\u1799\u1793\u17b9\u1784\u1787\u1798\u17d2\u179a\u17be\u179f\u178f\u17bc\u1785\u1792\u17c6 \u1787\u17b6\u1785\u17d2\u179a\u17be\u1793\u1798\u17c9\u17bc\u178a...",
                            "views": 583855,
                            "shares": 323,
                            "comments": 105,
                            "reactions": 6229,
                            "link_clicks": 281,
                            "engagement_rate": 1.37,
                            "total_engagement": 6657
                        },
                        "highest_engagement": {
                            "date": "2025-11-24",
                            "link": "https:\/\/www.facebook.com\/reel\/1187247016650007\/",
                            "type": "Videos",
                            "reach": 677669,
                            "title": "\u1795\u17d2\u179f\u17b6\u179a\u179c\u17b8\u1793\u179f\u17bc \u179f\u17b6\u1781\u17b6\u1780\u17d2\u179a\u17bb\u1784\u178f\u17b6\u1781\u17d2\u1798\u17c5\ud83e\udd70\u2764\ufe0f\n\u179f\u1798\u17d2\u179a\u17b6\u1794\u17cb\u1794\u1784\u1794\u17d2\u17a2\u17bc\u1793\u179a\u179f\u17cb\u1793\u17c5...",
                            "views": 1076159,
                            "shares": 696,
                            "comments": 81,
                            "reactions": 9039,
                            "link_clicks": 321,
                            "engagement_rate": 1.45,
                            "total_engagement": 9816
                        }
                    },
                    "total_content": 19
                },
                "file_name": "Nov-01-2025_Nov-29-2025_1968133200723968.csv",
                "start_date": "2025-11-03T00:00:00.000000Z",
                "end_date": "2025-11-28T00:00:00.000000Z",
                "total_views": 3527606,
                "total_likes": 26368,
                "total_comments": 417,
                "total_shares": 1496,
                "total_link_clicks": 3659,
                "total_saves": 0,
                "engagement_rate": 1.13,
                "top_performers": null,
                "public_uuid": "f5231dfd-caf1-428f-b674-9c62cc9c0548",
                "created_at": "2025-12-30 08:47:02",
                "updated_at": "2025-12-30T08:47:02.000000Z",
                "historical_avg": "1.110000",
                "page": {
                    "id": 47,
                    "user_id": 1,
                    "team_id": 27,
                    "name": "WINSOU",
                    "username": null,
                    "avatar": null,
                    "platform": "facebook",
                    "is_favorite": false,
                    "is_active": 1,
                    "platform_id": null,
                    "created_at": "2025-12-30T07:08:28.000000Z",
                    "updated_at": "2025-12-30T07:08:28.000000Z",
                    "notes": null
                }
            },
            {
                "id": 86,
                "user_id": 1,
                "team_id": 27,
                "page_id": 47,
                "platform": "facebook",
                "report_data": {
                    "kpi": {
                        "reach": 649644,
                        "views": 803597,
                        "shares": 220,
                        "comments": 132,
                        "reactions": 6830,
                        "link_clicks": 3713,
                        "engagement_rate": 1.11
                    },
                    "posts": [
                        {
                            "date": "2025-12-28",
                            "link": "https:\/\/www.facebook.com\/WinSouCambodia\/posts\/pfbid0F3k6RZaPYUgGZxLECWu3Xb7Awi11pE4MZpy4UJszRC4eCwZh6gMAEKwM715ksXJtl",
                            "type": "Photos",
                            "reach": 786,
                            "title": "\u1785\u17c6\u178e\u17b6\u1799\u178f\u17b7\u1785 \u178f\u17c2\u1794\u17b6\u1793\u1791\u17c6\u1793\u17b7\u1789\u1785\u17d2\u179a\u17be\u1793! \u179f\u1793\u17d2\u179f\u17c6\u179f\u17c6\u1785\u17c3\u1785\u17bb\u1784\u1786\u17d2\u1793\u17b6\u17c6\u1787\u17b6\u1798\u17bd\u1799 W...",
                            "views": 1366,
                            "shares": 4,
                            "comments": 1,
                            "reactions": 9,
                            "link_clicks": 27,
                            "engagement_rate": 1.78,
                            "total_engagement": 14
                        },
                        {
                            "date": "2025-12-26",
                            "link": "https:\/\/www.facebook.com\/reel\/1379324096972171\/",
                            "type": "Videos",
                            "reach": 16914,
                            "title": "\u179a\u17b8\u1780\u179a\u17b6\u1799\u1787\u17b6\u1798\u17bd\u1799\u1793\u17b9\u1784\u1791\u17c6\u1793\u17b7\u1789\u179a\u17b6\u1794\u17cb\u1798\u17bb\u17ba\u1793\u1798\u17bb\u1781\u1780\u17d2\u1793\u17bb\u1784\u1795\u17d2\u179f\u17b6\u179a\u179c\u17b8\u1793\u179f\u17bc \ud83e\udd70\ud83c\udf89...",
                            "views": 20413,
                            "shares": 7,
                            "comments": 3,
                            "reactions": 115,
                            "link_clicks": 44,
                            "engagement_rate": 0.74,
                            "total_engagement": 125
                        },
                        {
                            "date": "2025-12-25",
                            "link": "https:\/\/www.facebook.com\/WinSouCambodia\/posts\/pfbid02gAH3z5wKwTWzh98Npezz2j9954Gwq3k2PH3xw1VyacHKbAeNUbxRKqRpMTZXT1Kel",
                            "type": "Photos",
                            "reach": 1659,
                            "title": "Happy Merry Christmas  \u1780\u17b6\u178a\u17bc\u200b\u1796\u17b7\u179f\u17c1\u179f\u200b\u179f\u1798\u17d2\u179a\u17b6\u1794\u17cb\u200b\u1798\u1793\u17bb\u179f\u17d2\u179f\u200b\u1787...",
                            "views": 2837,
                            "shares": 2,
                            "comments": 4,
                            "reactions": 21,
                            "link_clicks": 27,
                            "engagement_rate": 1.63,
                            "total_engagement": 27
                        },
                        {
                            "date": "2025-12-22",
                            "link": "https:\/\/www.facebook.com\/reel\/1261573092493434\/",
                            "type": "Videos",
                            "reach": 3989,
                            "title": "\u1794\u1784\u17a2\u17bc\u1793\u1794\u17b6\u1793\u178f\u17d2\u179a\u17c0\u1798\u1780\u17b6\u178a\u17bc\u179f\u1798\u17d2\u179a\u17b6\u1794\u17cb Chritmas \u1781\u17b6\u1784\u1798\u17bb\u1781\u1793\u17c1\u17c7\u17a0\u17be\u1799\u17ac\u1793\u17c5?...",
                            "views": 5270,
                            "shares": 5,
                            "comments": 6,
                            "reactions": 106,
                            "link_clicks": 52,
                            "engagement_rate": 2.93,
                            "total_engagement": 117
                        },
                        {
                            "date": "2025-12-22",
                            "link": "https:\/\/www.facebook.com\/reel\/1372294097930710\/",
                            "type": "Videos",
                            "reach": 3678,
                            "title": "\u179f\u1798\u17d2\u179a\u17b6\u1794\u17cb\u1780\u17b6\u179a\u1780\u1798\u17c9\u17d2\u1798\u1784\u17cb\u178f\u17b6\u1798\u17a2\u1793\u17a1\u17b6\u1789 \u179f\u17bc\u1798\u1791\u17b6\u1780\u17cb\u1791\u1784\u1798\u1780\u1780\u17b6\u1793\u17cb\u17d6\n\ud83d\udcde 010...",
                            "views": 5280,
                            "shares": 6,
                            "comments": 16,
                            "reactions": 136,
                            "link_clicks": 77,
                            "engagement_rate": 4.3,
                            "total_engagement": 158
                        },
                        {
                            "date": "2025-12-21",
                            "link": "https:\/\/www.facebook.com\/WinSouCambodia\/posts\/pfbid02HVH7dmB3SYk7AYMaB1d7Uf4Soi22RG5A6vECoxVuNCti3dgf2RPocPDLt9gVJCHHl",
                            "type": "Photos",
                            "reach": 3466,
                            "title": "\u179f\u1798\u17d2\u179a\u17b6\u1794\u17cb\u1780\u17b6\u179a\u1780\u1798\u17c9\u17d2\u1798\u1784\u17cb\u178f\u17b6\u1798\u17a2\u1793\u17a1\u17b6\u1789 \u179f\u17bc\u1798\u1791\u17b6\u1780\u17cb\u1791\u1784\u1798\u1780\u1780\u17b6\u1793\u17cb\u17d6\n\ud83d\udcde 010...",
                            "views": 6542,
                            "shares": 5,
                            "comments": 5,
                            "reactions": 49,
                            "link_clicks": 35,
                            "engagement_rate": 1.7,
                            "total_engagement": 59
                        },
                        {
                            "date": "2025-12-19",
                            "link": "https:\/\/www.facebook.com\/WinSouCambodia\/posts\/pfbid0kTiPnCejmSJ5NxX9zvPA4c9Dz6E2X4wN45umh6zZfvKrFwt3QX81uF5x49znzjPbl",
                            "type": "Photos",
                            "reach": 2427,
                            "title": "\u1787\u17d2\u179a\u17be\u179f\u179a\u17be\u179f\u1791\u17c6\u1793\u17b7\u1789\u178a\u17c2\u179b\u17a2\u17d2\u1793\u1780\u1785\u17bc\u179b\u1785\u17b7\u178f\u17d2\u178f \u1784\u17b6\u1799\u179f\u17d2\u179a\u17bd\u179b \u2022 \u179b\u17bf\u1793 \u2022 \u179f\u17bb\u179c\u178f...",
                            "views": 4638,
                            "shares": 2,
                            "comments": 2,
                            "reactions": 14,
                            "link_clicks": 93,
                            "engagement_rate": 0.74,
                            "total_engagement": 18
                        },
                        {
                            "date": "2025-12-17",
                            "link": "https:\/\/www.facebook.com\/reel\/1451361429665577\/",
                            "type": "Videos",
                            "reach": 36172,
                            "title": "\u179c\u17b8\u1793\u179f\u17bc 1.1$ \u1782\u17d2\u179a\u1794\u17cb\u1798\u17bb\u1781\u1791\u17c6\u1793\u17b7\u1789!\n\n\u179f\u1798\u17d2\u179a\u17b6\u1794\u17cb\u1780\u17b6\u179a\u1780\u1798\u17c9\u17d2\u1798\u1784\u17cb\u178f\u17b6\u1798\u17a2\u1793\u17a1...",
                            "views": 48573,
                            "shares": 7,
                            "comments": 4,
                            "reactions": 380,
                            "link_clicks": 86,
                            "engagement_rate": 1.08,
                            "total_engagement": 391
                        },
                        {
                            "date": "2025-12-16",
                            "link": "https:\/\/www.facebook.com\/reel\/2699352603753531\/",
                            "type": "Videos",
                            "reach": 5675,
                            "title": "\u178f\u17d2\u179a\u17c0\u1798\u1780\u17b6\u178a\u17bc\u179f\u1798\u17d2\u179a\u17b6\u1794\u17cb Chritmas \u1781\u17b6\u1784\u1798\u17bb\u1781\u1793\u17c1\u17c7\u17a0\u17be\u1799\u17ac\u1793\u17c5\u1794\u1784\u17a2\u17bc\u1793? \n-...",
                            "views": 7259,
                            "shares": 7,
                            "comments": 5,
                            "reactions": 90,
                            "link_clicks": 47,
                            "engagement_rate": 1.8,
                            "total_engagement": 102
                        },
                        {
                            "date": "2025-12-13",
                            "link": "https:\/\/www.facebook.com\/WinSouCambodia\/posts\/pfbid02MSQEkxcDAFjk2Kk2Ua41N2RJ8JvhCH4hE6Q7ifvPSCy2go35DZ8GxWKE9WLCr9dXl",
                            "type": "Photos",
                            "reach": 4924,
                            "title": "\u17a2\u1794\u17a2\u179a\u179f\u17b6\u1791\u179a\u1781\u17bd\u1794\u179b\u17be\u1780\u1791\u17b8\u17e3\u17e3 (\u17e1\u17e4 \u1792\u17d2\u1793\u17bc \u17e1\u17e9\u17e9\u17e2 \u2013 \u17e1\u17e4 \u1792\u17d2\u1793\u17bc \u17e2\u17e0\u17e2\u17e5) \u1793...",
                            "views": 7818,
                            "shares": 2,
                            "comments": 2,
                            "reactions": 29,
                            "link_clicks": 0,
                            "engagement_rate": 0.67,
                            "total_engagement": 33
                        },
                        {
                            "date": "2025-12-11",
                            "link": "https:\/\/www.facebook.com\/WinSouCambodia\/posts\/pfbid046uUBTJUvxt3dqqy8Q9nq1pE3Ps3zS89A9Upogbwx3hCZoJqAFMnc4MVYuhPnisbl",
                            "type": "Photos",
                            "reach": 5170,
                            "title": "\u179c\u17b8\u1793\u179f\u17bc 1.1$ \u1782\u17d2\u179a\u1794\u17cb\u1798\u17bb\u1781\u1791\u17c6\u1793\u17b7\u1789!!\n-\u2014\u2014\u2014\u2014\u2014\u2014\u2014\u2014-\n\u179f\u1798\u17d2\u179a\u17b6\u1794\u17cb\u1780\u17b6\u179a\u1780\u1798...",
                            "views": 8176,
                            "shares": 3,
                            "comments": 2,
                            "reactions": 22,
                            "link_clicks": 119,
                            "engagement_rate": 0.52,
                            "total_engagement": 27
                        },
                        {
                            "date": "2025-12-11",
                            "link": "https:\/\/www.facebook.com\/reel\/864110619339880\/",
                            "type": "Videos",
                            "reach": 7224,
                            "title": "\u179f\u1798\u17d2\u1797\u17b6\u179a\u17c8\u1787\u17b6\u1784\u1782\u17d2\u179a\u1794\u17cb\u1794\u17d2\u179a\u1797\u17c1\u1791\u1798\u17b6\u1793\u1793\u17c5\u1795\u17d2\u179f\u17b6\u179a\u179c\u17b8\u1793\u179f\u17bc \n-\u2014\u2014\u2014\u2014\u2014\u2014\u2014\u2014-\n\u179f...",
                            "views": 8854,
                            "shares": 7,
                            "comments": 0,
                            "reactions": 60,
                            "link_clicks": 67,
                            "engagement_rate": 0.93,
                            "total_engagement": 67
                        },
                        {
                            "date": "2025-12-10",
                            "link": "https:\/\/www.facebook.com\/reel\/901207069238405\/",
                            "type": "Videos",
                            "reach": 7274,
                            "title": "\u179f\u1798\u17d2\u1797\u17b6\u179a\u17c8\u1794\u17d2\u179a\u17be\u1794\u17d2\u179a\u17b6\u179f\u17cb\u1780\u17d2\u1793\u17bb\u1784\u1794\u1793\u17d2\u1791\u1794\u17cb\u1791\u17b9\u1780 \u1785\u17c6\u178e\u17b6\u1799\u178f\u17b7\u1785\u1785\u17c6\u178e\u17c1\u1789\u1785\u17d2\u179a\u17be\u1793...",
                            "views": 8661,
                            "shares": 4,
                            "comments": 8,
                            "reactions": 82,
                            "link_clicks": 41,
                            "engagement_rate": 1.29,
                            "total_engagement": 94
                        },
                        {
                            "date": "2025-12-08",
                            "link": "https:\/\/www.facebook.com\/reel\/1197829662296176\/",
                            "type": "Videos",
                            "reach": 7445,
                            "title": "\u178f\u1784\u17d2\u1780\u17c0\u1794\u1780\u17c0\u1794\u179f\u1780\u17cb \u1780\u17c5\u179f\u17ca\u17bc\u1785\u1784 \u179f\u1798\u17d2\u179a\u17b6\u1794\u17cb\u1794\u1784\u17d7\u179f\u17d2\u179a\u17b8\u17d7\u178a\u17c2\u179b\u1785\u17bc\u179b\u1785\u17b7\u178f\u17d2\u178f\u178f\u17bb\u1794...",
                            "views": 9424,
                            "shares": 6,
                            "comments": 6,
                            "reactions": 110,
                            "link_clicks": 80,
                            "engagement_rate": 1.64,
                            "total_engagement": 122
                        },
                        {
                            "date": "2025-12-05",
                            "link": "https:\/\/www.facebook.com\/WinSouCambodia\/posts\/pfbid02BRx39nC4spNN1kUtGi9jtq3xursZFYwDdUvR4bCohmjDVfnszV2PtumYgxfmGiRwl",
                            "type": "Photos",
                            "reach": 7920,
                            "title": "\u179a\u17b8\u1780\u179a\u17b6\u1799\u1790\u17d2\u1784\u17c3\u179f\u1798\u17d2\u179a\u17b6\u1780\u1785\u17bb\u1784\u179f\u1794\u17d2\u178f\u17b6\u17a0\u17cd\u1796\u17bb\u1780\u1798\u17c9\u17c2\u1794\u1784\u1794\u17d2\u17a2\u17bc\u1793\u1791\u17b6\u17c6\u1784\u17a2\u179f\u17cb\u1782\u17d2\u1793\u17b6...",
                            "views": 16863,
                            "shares": 6,
                            "comments": 6,
                            "reactions": 95,
                            "link_clicks": 106,
                            "engagement_rate": 1.35,
                            "total_engagement": 107
                        },
                        {
                            "date": "2025-12-05",
                            "link": "https:\/\/www.facebook.com\/WinSouCambodia\/posts\/pfbid022SFdVdpg43HDwAZdGGKQV1TrGyZUnfFTahG67etA6yZ5Tg34uRKeSuyc63WNZ1hDl",
                            "type": "Photos",
                            "reach": 7602,
                            "title": "\u17a2\u17b8\u179c\u17c9\u17b6\u1793\u17cb\u179a\u17b6\u1794\u17cb\u1798\u17c9\u17ba\u1793\u1798\u17bb\u1781 \u179f\u1798\u17d2\u179a\u17b6\u1794\u17cb\u1795\u17d2\u1782\u178f\u17cb\u1795\u17d2\u1782\u1784\u17cb\u178f\u1798\u17d2\u179a\u17bc\u179c\u1780\u17b6\u179a\u1794\u17d2\u179a\u17be\u1794...",
                            "views": 14967,
                            "shares": 10,
                            "comments": 2,
                            "reactions": 63,
                            "link_clicks": 50,
                            "engagement_rate": 0.99,
                            "total_engagement": 75
                        },
                        {
                            "date": "2025-12-04",
                            "link": "https:\/\/www.facebook.com\/reel\/1514428369627876\/",
                            "type": "Videos",
                            "reach": 8751,
                            "title": "\u178a\u17c2\u1780\u178a\u17bb\u179f\u1786\u17d2\u1793\u17b6\u17c6\u1784\u178f\u1798\u17d2\u179b\u17c3\u178f\u17d2\u179a\u17b9\u1798\u178f\u17c2 1.1$ \u1794\u17c9\u17bb\u178e\u17d2\u178e\u17c4\u17c7\ud83d\ude0d\ud83c\udf89",
                            "views": 10400,
                            "shares": 4,
                            "comments": 1,
                            "reactions": 103,
                            "link_clicks": 25,
                            "engagement_rate": 1.23,
                            "total_engagement": 108
                        },
                        {
                            "date": "2025-12-03",
                            "link": "https:\/\/www.facebook.com\/WinSouCambodia\/posts\/pfbid02CSbX9r89FTztsMY1f1SKFWzJjvtA7mbDFYXQiCdr9WfoLQhYVNnpfPidDY8Wje52l",
                            "type": "Photos",
                            "reach": 6179,
                            "title": "-\u2014\u2014\u2014\u2014\u2014\u2014\u2014\u2014-\n\u179f\u1798\u17d2\u179a\u17b6\u1794\u17cb\u1780\u17b6\u179a\u1780\u1798\u17c9\u17d2\u1798\u1784\u17cb\u178f\u17b6\u1798\u17a2\u1793\u17a1\u17b6\u1789 \u179f\u17bc\u1798\u1791\u17b6\u1780\u17cb\u1791\u1784\u1798\u1780\u1780\u17b6...",
                            "views": 9704,
                            "shares": 4,
                            "comments": 0,
                            "reactions": 15,
                            "link_clicks": 16,
                            "engagement_rate": 0.31,
                            "total_engagement": 19
                        },
                        {
                            "date": "2025-12-03",
                            "link": "https:\/\/www.facebook.com\/reel\/1374263920958138\/",
                            "type": "Videos",
                            "reach": 9866,
                            "title": "\u179f\u1798\u17d2\u179a\u17b6\u1794\u17cb\u1794\u1784\u17d7\u178a\u17c2\u179b\u1798\u17b7\u1793\u1791\u17b6\u1793\u17cb\u178a\u17b9\u1784\u1790\u17b6\u1782\u17bd\u179a\u1791\u17b7\u1789\u17a2\u17b8\u1781\u17d2\u1785\u1794\u17cb\u1787\u17b6\u1780\u17b6\u179a\u178a\u17bc\u179a \u1794\u1784\u17d7...",
                            "views": 12045,
                            "shares": 12,
                            "comments": 15,
                            "reactions": 203,
                            "link_clicks": 49,
                            "engagement_rate": 2.33,
                            "total_engagement": 230
                        },
                        {
                            "date": "2025-12-02",
                            "link": "https:\/\/www.facebook.com\/reel\/2032526327589495\/",
                            "type": "Videos",
                            "reach": 100836,
                            "title": "\ud83e\udd23 \u1794\u1784\u179a\u17b7\u1791\u17d2\u1792\u1790\u17b6\u179f\u17d2\u1782\u17b6\u179b\u17cb\u1795\u17d2\u179f\u17b6\u179a\u179c\u17b8\u1793\u179f\u17bc\u178f\u17b6\u1798\u179a\u1799\u17c8 Facebook page \u1785...",
                            "views": 108617,
                            "shares": 42,
                            "comments": 21,
                            "reactions": 1146,
                            "link_clicks": 112,
                            "engagement_rate": 1.2,
                            "total_engagement": 1209
                        },
                        {
                            "date": "2025-12-01",
                            "link": "https:\/\/www.facebook.com\/reel\/1473820610378124\/",
                            "type": "Videos",
                            "reach": 401687,
                            "title": "\u17a7\u179f\u17d2\u179f\u17b6\u17a0\u17cd\u1794\u17b6\u178f\u17cb\u1794\u17ca\u17b7\u1780\u1798\u17c2\u1793\u1791\u17c1? \u179b\u17c2\u1784\u1787\u17b6\u1794\u1789\u17d2\u17a0\u17b6\u1791\u17c0\u178f\u17a0\u17be\u1799 \ud83d\ude06 \u1794\u17be\u1793\u17b7\u1799\u17b6\u1799\u1796...",
                            "views": 485890,
                            "shares": 75,
                            "comments": 23,
                            "reactions": 3982,
                            "link_clicks": 2560,
                            "engagement_rate": 1.02,
                            "total_engagement": 4080
                        }
                    ],
                    "period": {
                        "end": "2025-12-28",
                        "start": "2025-12-01",
                        "duration": "28 Days Active"
                    },
                    "breakdown": {
                        "reels": 0,
                        "photos": 9,
                        "videos": 12
                    },
                    "champions": {
                        "highest_view": {
                            "date": "2025-12-01",
                            "link": "https:\/\/www.facebook.com\/reel\/1473820610378124\/",
                            "type": "Videos",
                            "reach": 401687,
                            "title": "\u17a7\u179f\u17d2\u179f\u17b6\u17a0\u17cd\u1794\u17b6\u178f\u17cb\u1794\u17ca\u17b7\u1780\u1798\u17c2\u1793\u1791\u17c1? \u179b\u17c2\u1784\u1787\u17b6\u1794\u1789\u17d2\u17a0\u17b6\u1791\u17c0\u178f\u17a0\u17be\u1799 \ud83d\ude06 \u1794\u17be\u1793\u17b7\u1799\u17b6\u1799\u1796...",
                            "views": 485890,
                            "shares": 75,
                            "comments": 23,
                            "reactions": 3982,
                            "link_clicks": 2560,
                            "engagement_rate": 1.02,
                            "total_engagement": 4080
                        },
                        "highest_reach": {
                            "date": "2025-12-01",
                            "link": "https:\/\/www.facebook.com\/reel\/1473820610378124\/",
                            "type": "Videos",
                            "reach": 401687,
                            "title": "\u17a7\u179f\u17d2\u179f\u17b6\u17a0\u17cd\u1794\u17b6\u178f\u17cb\u1794\u17ca\u17b7\u1780\u1798\u17c2\u1793\u1791\u17c1? \u179b\u17c2\u1784\u1787\u17b6\u1794\u1789\u17d2\u17a0\u17b6\u1791\u17c0\u178f\u17a0\u17be\u1799 \ud83d\ude06 \u1794\u17be\u1793\u17b7\u1799\u17b6\u1799\u1796...",
                            "views": 485890,
                            "shares": 75,
                            "comments": 23,
                            "reactions": 3982,
                            "link_clicks": 2560,
                            "engagement_rate": 1.02,
                            "total_engagement": 4080
                        },
                        "highest_clicks": {
                            "date": "2025-12-01",
                            "link": "https:\/\/www.facebook.com\/reel\/1473820610378124\/",
                            "type": "Videos",
                            "reach": 401687,
                            "title": "\u17a7\u179f\u17d2\u179f\u17b6\u17a0\u17cd\u1794\u17b6\u178f\u17cb\u1794\u17ca\u17b7\u1780\u1798\u17c2\u1793\u1791\u17c1? \u179b\u17c2\u1784\u1787\u17b6\u1794\u1789\u17d2\u17a0\u17b6\u1791\u17c0\u178f\u17a0\u17be\u1799 \ud83d\ude06 \u1794\u17be\u1793\u17b7\u1799\u17b6\u1799\u1796...",
                            "views": 485890,
                            "shares": 75,
                            "comments": 23,
                            "reactions": 3982,
                            "link_clicks": 2560,
                            "engagement_rate": 1.02,
                            "total_engagement": 4080
                        },
                        "highest_shares": {
                            "date": "2025-12-01",
                            "link": "https:\/\/www.facebook.com\/reel\/1473820610378124\/",
                            "type": "Videos",
                            "reach": 401687,
                            "title": "\u17a7\u179f\u17d2\u179f\u17b6\u17a0\u17cd\u1794\u17b6\u178f\u17cb\u1794\u17ca\u17b7\u1780\u1798\u17c2\u1793\u1791\u17c1? \u179b\u17c2\u1784\u1787\u17b6\u1794\u1789\u17d2\u17a0\u17b6\u1791\u17c0\u178f\u17a0\u17be\u1799 \ud83d\ude06 \u1794\u17be\u1793\u17b7\u1799\u17b6\u1799\u1796...",
                            "views": 485890,
                            "shares": 75,
                            "comments": 23,
                            "reactions": 3982,
                            "link_clicks": 2560,
                            "engagement_rate": 1.02,
                            "total_engagement": 4080
                        },
                        "highest_comments": {
                            "date": "2025-12-01",
                            "link": "https:\/\/www.facebook.com\/reel\/1473820610378124\/",
                            "type": "Videos",
                            "reach": 401687,
                            "title": "\u17a7\u179f\u17d2\u179f\u17b6\u17a0\u17cd\u1794\u17b6\u178f\u17cb\u1794\u17ca\u17b7\u1780\u1798\u17c2\u1793\u1791\u17c1? \u179b\u17c2\u1784\u1787\u17b6\u1794\u1789\u17d2\u17a0\u17b6\u1791\u17c0\u178f\u17a0\u17be\u1799 \ud83d\ude06 \u1794\u17be\u1793\u17b7\u1799\u17b6\u1799\u1796...",
                            "views": 485890,
                            "shares": 75,
                            "comments": 23,
                            "reactions": 3982,
                            "link_clicks": 2560,
                            "engagement_rate": 1.02,
                            "total_engagement": 4080
                        },
                        "highest_engagement": {
                            "date": "2025-12-01",
                            "link": "https:\/\/www.facebook.com\/reel\/1473820610378124\/",
                            "type": "Videos",
                            "reach": 401687,
                            "title": "\u17a7\u179f\u17d2\u179f\u17b6\u17a0\u17cd\u1794\u17b6\u178f\u17cb\u1794\u17ca\u17b7\u1780\u1798\u17c2\u1793\u1791\u17c1? \u179b\u17c2\u1784\u1787\u17b6\u1794\u1789\u17d2\u17a0\u17b6\u1791\u17c0\u178f\u17a0\u17be\u1799 \ud83d\ude06 \u1794\u17be\u1793\u17b7\u1799\u17b6\u1799\u1796...",
                            "views": 485890,
                            "shares": 75,
                            "comments": 23,
                            "reactions": 3982,
                            "link_clicks": 2560,
                            "engagement_rate": 1.02,
                            "total_engagement": 4080
                        }
                    },
                    "total_content": 21
                },
                "file_name": "Nov-30-2025_Dec-29-2025_1661042085275188.csv",
                "start_date": "2025-12-01T00:00:00.000000Z",
                "end_date": "2025-12-28T00:00:00.000000Z",
                "total_views": 803597,
                "total_likes": 6830,
                "total_comments": 132,
                "total_shares": 220,
                "total_link_clicks": 3713,
                "total_saves": 0,
                "engagement_rate": 1.11,
                "top_performers": null,
                "public_uuid": "2ea23b78-be92-44d0-81fd-40525fe540dd",
                "created_at": "2025-12-30 08:44:00",
                "updated_at": "2025-12-30T08:44:00.000000Z",
                "historical_avg": null,
                "page": {
                    "id": 47,
                    "user_id": 1,
                    "team_id": 27,
                    "name": "WINSOU",
                    "username": null,
                    "avatar": null,
                    "platform": "facebook",
                    "is_favorite": false,
                    "is_active": 1,
                    "platform_id": null,
                    "created_at": "2025-12-30T07:08:28.000000Z",
                    "updated_at": "2025-12-30T07:08:28.000000Z",
                    "notes": null
                }
            }
        ],
        "first_page_url": "http:\/\/localhost:8000\/api\/public\/share\/dhFQgTDUdp5SBfDYMc2NT16o98yMQGjPfCjvYuYWnFcWjwQCU3h7oqZ8MTMEDyFD?page=1",
        "from": 1,
        "last_page": 1,
        "last_page_url": "http:\/\/localhost:8000\/api\/public\/share\/dhFQgTDUdp5SBfDYMc2NT16o98yMQGjPfCjvYuYWnFcWjwQCU3h7oqZ8MTMEDyFD?page=1",
        "links": [
            {
                "url": null,
                "label": "&laquo; Previous",
                "active": false
            },
            {
                "url": "http:\/\/localhost:8000\/api\/public\/share\/dhFQgTDUdp5SBfDYMc2NT16o98yMQGjPfCjvYuYWnFcWjwQCU3h7oqZ8MTMEDyFD?page=1",
                "label": "1",
                "active": true
            },
            {
                "url": null,
                "label": "Next &raquo;",
                "active": false
            }
        ],
        "next_page_url": null,
        "path": "http:\/\/localhost:8000\/api\/public\/share\/dhFQgTDUdp5SBfDYMc2NT16o98yMQGjPfCjvYuYWnFcWjwQCU3h7oqZ8MTMEDyFD",
        "per_page": 15,
        "prev_page_url": null,
        "to": 2,
        "total": 2
    }
}