{
    "page_name": "WINSOU",
    "reports": {
        "current_page": 1,
        "data": [
            {
                "id": 88,
                "user_id": 1,
                "team_id": 27,
                "page_id": 48,
                "platform": "tiktok",
                "report_data": {
                    "kpi": {
                        "likes": 1731,
                        "saves": 113,
                        "views": 74120,
                        "shares": 107,
                        "comments": 50,
                        "engagement_rate": 2.7
                    },
                    "posts": [
                        {
                            "date": "2025-08-24",
                            "link": "https:\/\/www.tiktok.com\/@winsou.cambodia\/video\/7541990370394066184",
                            "type": "Video",
                            "likes": 272,
                            "saves": 23,
                            "title": "\u1795\u17d2\u1791\u17b6\u17c6\u1784\u1782\u17c6\u1793\u17bc\u179a\u179f\u1798\u17d2\u179a\u17b6\u1794\u17cb\u178f\u17b6\u17c6\u1784\u179b\u1798\u17d2\u17a2 \u178f\u17bc\u1785\u1792\u17c6\u1782\u17d2\u179a\u1794\u17cb\u1794\u17d2\u179a\u1797\u17c1\u1791\u178f\u1798\u17d2\u179b\u17c3\u178f\u17d2...",
                            "views": 6190,
                            "shares": 8,
                            "comments": 5,
                            "engagement_rate": 4.98,
                            "total_engagement": 308
                        },
                        {
                            "date": "2025-08-19",
                            "link": "https:\/\/www.tiktok.com\/@winsou.cambodia\/video\/7540233775637187848",
                            "type": "Video",
                            "likes": 106,
                            "saves": 6,
                            "title": "\u1780\u17b6\u179a\u1794\u17d2\u179a\u17a1\u1784\u1794\u17b6\u1780\u17cb\u178c\u17bb\u1794\u1780\u17b6\u1793\u17cb\u178f\u17c2\u1781\u17b7\u178f\u1787\u17b7\u178f\u1798\u1780\u178a\u179b\u17cb\u17a0\u17be\u1799! Admin \u179f\u17bc\u1798\u1787\u17bc\u1793\u1796...",
                            "views": 4196,
                            "shares": 5,
                            "comments": 9,
                            "engagement_rate": 3,
                            "total_engagement": 126
                        },
                        {
                            "date": "2025-08-18",
                            "link": "https:\/\/www.tiktok.com\/@winsou.cambodia\/video\/7539736127050108168",
                            "type": "Video",
                            "likes": 74,
                            "saves": 1,
                            "title": "\u1790\u17d2\u1784\u17c3\u1793\u17c1\u17c7 Admin \u179f\u17bb\u17c6\u1792\u17d2\u179c\u17be\u1787\u17b6\u17a2\u17b6\u17c6\u1784\u179f\u17bb\u17b8\u1789\u17ba\u179a\u1798\u17d2\u178a\u1784! \ud83d\ude01\ud83e\udef6 ======...",
                            "views": 3438,
                            "shares": 1,
                            "comments": 6,
                            "engagement_rate": 2.39,
                            "total_engagement": 82
                        },
                        {
                            "date": "2025-08-14",
                            "link": "https:\/\/www.tiktok.com\/@winsou.cambodia\/video\/7538254383008582930",
                            "type": "Video",
                            "likes": 361,
                            "saves": 32,
                            "title": "\u178a\u1784\u179f\u17b8 \u1793\u17b7\u1784\u1782\u17d2\u179a\u17b6\u1794\u17cb\u179f\u17b8! \u179f\u1798\u17d2\u179a\u17b6\u1794\u17cb\u1794\u1784\u17d7\u178a\u17c2\u179b\u1798\u17b6\u1793\u178f\u1798\u17d2\u179a\u17bc\u179c\u1780\u17b6\u179a\u1780\u17bb\u17c6\u1797\u17d2\u179b\u17c1...",
                            "views": 20863,
                            "shares": 42,
                            "comments": 12,
                            "engagement_rate": 2.14,
                            "total_engagement": 447
                        },
                        {
                            "date": "2025-08-11",
                            "link": "https:\/\/www.tiktok.com\/@winsou.cambodia\/video\/7537277205856947464",
                            "type": "Video",
                            "likes": 342,
                            "saves": 24,
                            "title": "\u179f\u1798\u17d2\u179a\u17b6\u1794\u17cb\u1796\u17bb\u1780\u1798\u17c9\u17c2\u1794\u1784\u1794\u17d2\u17a2\u17bc\u1793\u178a\u17c2\u179b\u1798\u17b6\u1793\u178f\u1798\u17d2\u179a\u17bc\u179c\u1780\u17b6\u179a\u17a2\u17c6\u1796\u17bc\u179b\u1782\u17d2\u179a\u1794\u17cb\u1794\u17d2\u179a\u1797\u17c1...",
                            "views": 12424,
                            "shares": 28,
                            "comments": 8,
                            "engagement_rate": 3.24,
                            "total_engagement": 402
                        },
                        {
                            "date": "2025-08-08",
                            "link": "https:\/\/www.tiktok.com\/@winsou.cambodia\/video\/7536181770069298440",
                            "type": "Video",
                            "likes": 100,
                            "saves": 5,
                            "title": "\u17a2\u1794\u17a2\u179a\u1794\u1784\u17d7\u17a2\u178f\u17b7\u1790\u17b7\u1787\u1793\u1791\u17b6\u17c6\u178450\u179a\u17bc\u1794\u178a\u17c2\u179b\u1791\u1791\u17bd\u179b\u1794\u17b6\u1793Tote Bag\u1796\u17b8\u1795\u17d2\u179f\u17b6\u179a\u179c\u17b8...",
                            "views": 5391,
                            "shares": 1,
                            "comments": 7,
                            "engagement_rate": 2.1,
                            "total_engagement": 113
                        },
                        {
                            "date": "2025-08-07",
                            "link": "https:\/\/www.tiktok.com\/@winsou.cambodia\/video\/7535788386611924242",
                            "type": "Video",
                            "likes": 306,
                            "saves": 18,
                            "title": "\u1782\u17d2\u179a\u1794\u17cb\u1798\u17bb\u1781\u1791\u17c6\u1793\u17b7\u1789\u178f\u1798\u17d2\u179b\u17c3\u178f\u17d2\u179a\u17b9\u1798\u178f\u17c2 1.1$ \u1794\u17c9\u17bb\u178e\u17d2\u178e\u17c4\u17c7! =========...",
                            "views": 15682,
                            "shares": 20,
                            "comments": 1,
                            "engagement_rate": 2.2,
                            "total_engagement": 345
                        },
                        {
                            "date": "2025-08-06",
                            "link": "https:\/\/www.tiktok.com\/@winsou.cambodia\/video\/7535417086751919368",
                            "type": "Video",
                            "likes": 170,
                            "saves": 4,
                            "title": "\u1780\u1798\u17d2\u1796\u17bb\u1787\u17b6\u178f\u17d2\u179a\u17bc\u179c\u1780\u17b6\u179a\u179f\u1793\u17d2\u178f\u17b7\u1797\u17b6\u1796! CAMBODIA NEEDS PEACE \ud83c\uddf0\ud83c\udded\ud83d\udd4a...",
                            "views": 5936,
                            "shares": 2,
                            "comments": 2,
                            "engagement_rate": 3,
                            "total_engagement": 178
                        }
                    ],
                    "period": {
                        "end": "2025-08-24",
                        "start": "2025-08-06",
                        "duration": "19 Days Active"
                    },
                    "champions": {
                        "highest_view": {
                            "date": "2025-08-14",
                            "link": "https:\/\/www.tiktok.com\/@winsou.cambodia\/video\/7538254383008582930",
                            "type": "Video",
                            "likes": 361,
                            "saves": 32,
                            "title": "\u178a\u1784\u179f\u17b8 \u1793\u17b7\u1784\u1782\u17d2\u179a\u17b6\u1794\u17cb\u179f\u17b8! \u179f\u1798\u17d2\u179a\u17b6\u1794\u17cb\u1794\u1784\u17d7\u178a\u17c2\u179b\u1798\u17b6\u1793\u178f\u1798\u17d2\u179a\u17bc\u179c\u1780\u17b6\u179a\u1780\u17bb\u17c6\u1797\u17d2\u179b\u17c1...",
                            "views": 20863,
                            "shares": 42,
                            "comments": 12,
                            "engagement_rate": 2.14,
                            "total_engagement": 447
                        },
                        "highest_likes": {
                            "date": "2025-08-14",
                            "link": "https:\/\/www.tiktok.com\/@winsou.cambodia\/video\/7538254383008582930",
                            "type": "Video",
                            "likes": 361,
                            "saves": 32,
                            "title": "\u178a\u1784\u179f\u17b8 \u1793\u17b7\u1784\u1782\u17d2\u179a\u17b6\u1794\u17cb\u179f\u17b8! \u179f\u1798\u17d2\u179a\u17b6\u1794\u17cb\u1794\u1784\u17d7\u178a\u17c2\u179b\u1798\u17b6\u1793\u178f\u1798\u17d2\u179a\u17bc\u179c\u1780\u17b6\u179a\u1780\u17bb\u17c6\u1797\u17d2\u179b\u17c1...",
                            "views": 20863,
                            "shares": 42,
                            "comments": 12,
                            "engagement_rate": 2.14,
                            "total_engagement": 447
                        },
                        "highest_saves": {
                            "date": "2025-08-14",
                            "link": "https:\/\/www.tiktok.com\/@winsou.cambodia\/video\/7538254383008582930",
                            "type": "Video",
                            "likes": 361,
                            "saves": 32,
                            "title": "\u178a\u1784\u179f\u17b8 \u1793\u17b7\u1784\u1782\u17d2\u179a\u17b6\u1794\u17cb\u179f\u17b8! \u179f\u1798\u17d2\u179a\u17b6\u1794\u17cb\u1794\u1784\u17d7\u178a\u17c2\u179b\u1798\u17b6\u1793\u178f\u1798\u17d2\u179a\u17bc\u179c\u1780\u17b6\u179a\u1780\u17bb\u17c6\u1797\u17d2\u179b\u17c1...",
                            "views": 20863,
                            "shares": 42,
                            "comments": 12,
                            "engagement_rate": 2.14,
                            "total_engagement": 447
                        },
                        "highest_shares": {
                            "date": "2025-08-14",
                            "link": "https:\/\/www.tiktok.com\/@winsou.cambodia\/video\/7538254383008582930",
                            "type": "Video",
                            "likes": 361,
                            "saves": 32,
                            "title": "\u178a\u1784\u179f\u17b8 \u1793\u17b7\u1784\u1782\u17d2\u179a\u17b6\u1794\u17cb\u179f\u17b8! \u179f\u1798\u17d2\u179a\u17b6\u1794\u17cb\u1794\u1784\u17d7\u178a\u17c2\u179b\u1798\u17b6\u1793\u178f\u1798\u17d2\u179a\u17bc\u179c\u1780\u17b6\u179a\u1780\u17bb\u17c6\u1797\u17d2\u179b\u17c1...",
                            "views": 20863,
                            "shares": 42,
                            "comments": 12,
                            "engagement_rate": 2.14,
                            "total_engagement": 447
                        },
                        "highest_comments": {
                            "date": "2025-08-14",
                            "link": "https:\/\/www.tiktok.com\/@winsou.cambodia\/video\/7538254383008582930",
                            "type": "Video",
                            "likes": 361,
                            "saves": 32,
                            "title": "\u178a\u1784\u179f\u17b8 \u1793\u17b7\u1784\u1782\u17d2\u179a\u17b6\u1794\u17cb\u179f\u17b8! \u179f\u1798\u17d2\u179a\u17b6\u1794\u17cb\u1794\u1784\u17d7\u178a\u17c2\u179b\u1798\u17b6\u1793\u178f\u1798\u17d2\u179a\u17bc\u179c\u1780\u17b6\u179a\u1780\u17bb\u17c6\u1797\u17d2\u179b\u17c1...",
                            "views": 20863,
                            "shares": 42,
                            "comments": 12,
                            "engagement_rate": 2.14,
                            "total_engagement": 447
                        },
                        "highest_engagement": {
                            "date": "2025-08-14",
                            "link": "https:\/\/www.tiktok.com\/@winsou.cambodia\/video\/7538254383008582930",
                            "type": "Video",
                            "likes": 361,
                            "saves": 32,
                            "title": "\u178a\u1784\u179f\u17b8 \u1793\u17b7\u1784\u1782\u17d2\u179a\u17b6\u1794\u17cb\u179f\u17b8! \u179f\u1798\u17d2\u179a\u17b6\u1794\u17cb\u1794\u1784\u17d7\u178a\u17c2\u179b\u1798\u17b6\u1793\u178f\u1798\u17d2\u179a\u17bc\u179c\u1780\u17b6\u179a\u1780\u17bb\u17c6\u1797\u17d2\u179b\u17c1...",
                            "views": 20863,
                            "shares": 42,
                            "comments": 12,
                            "engagement_rate": 2.14,
                            "total_engagement": 447
                        }
                    },
                    "total_content": 8
                },
                "file_name": "Video(2025_07_26-2025_08_26).csv",
                "start_date": "2025-08-06T00:00:00.000000Z",
                "end_date": "2025-08-24T00:00:00.000000Z",
                "total_views": 74120,
                "total_likes": 1731,
                "total_comments": 50,
                "total_shares": 107,
                "total_link_clicks": 0,
                "total_saves": 113,
                "engagement_rate": 2.7,
                "top_performers": null,
                "public_uuid": "9b8adedd-5971-4083-b402-27b2969ec9da",
                "created_at": "2025-12-30 09:01:14",
                "updated_at": "2025-12-30T09:01:14.000000Z",
                "historical_avg": null,
                "page": {
                    "id": 48,
                    "user_id": 1,
                    "team_id": 27,
                    "name": "WINSOU",
                    "username": null,
                    "avatar": null,
                    "platform": "tiktok",
                    "is_favorite": false,
                    "is_active": 1,
                    "platform_id": null,
                    "created_at": "2025-12-30T09:01:14.000000Z",
                    "updated_at": "2025-12-30T09:01:14.000000Z",
                    "notes": null
                }
            }
        ],
        "first_page_url": "http:\/\/localhost:8000\/api\/public\/share\/k5NavzTRQrQ9uuWbbTmqM6hfMBqEXQICczXhzrO1xxMuo28EGG7zJW08VW3fTvDK?page=1",
        "from": 1,
        "last_page": 1,
        "last_page_url": "http:\/\/localhost:8000\/api\/public\/share\/k5NavzTRQrQ9uuWbbTmqM6hfMBqEXQICczXhzrO1xxMuo28EGG7zJW08VW3fTvDK?page=1",
        "links": [
            {
                "url": null,
                "label": "&laquo; Previous",
                "active": false
            },
            {
                "url": "http:\/\/localhost:8000\/api\/public\/share\/k5NavzTRQrQ9uuWbbTmqM6hfMBqEXQICczXhzrO1xxMuo28EGG7zJW08VW3fTvDK?page=1",
                "label": "1",
                "active": true
            },
            {
                "url": null,
                "label": "Next &raquo;",
                "active": false
            }
        ],
        "next_page_url": null,
        "path": "http:\/\/localhost:8000\/api\/public\/share\/k5NavzTRQrQ9uuWbbTmqM6hfMBqEXQICczXhzrO1xxMuo28EGG7zJW08VW3fTvDK",
        "per_page": 15,
        "prev_page_url": null,
        "to": 1,
        "total": 1
    }
}